<beans xmlns="http://www.springframework.org/schema/beans"
	xmlns:context="http://www.springframework.org/schema/context"
	xmlns:xsi="http://www.w3.org/2001/XMLSchema-instance"
	xmlns:webflow="http://www.springframework.org/schema/webflow-config"
	xsi:schemaLocation="http://www.springframework.org/schema/beans
						http://www.springframework.org/schema/beans/spring-beans-3.0.xsd
 						http://www.springframework.org/schema/context
 						http://www.springframework.org/schema/context/spring-context-3.0.xsd
 						http://www.springframework.org/schema/webflow-config  
       					http://www.springframework.org/schema/webflow-config/spring-webflow-config-2.4.xsd">

	<!-- <import resource="web-application-config.xml" /> -->

	<context:component-scan base-package="com.javahash.spring.controller" />

	<bean id="viewResolver"
		class="org.springframework.web.servlet.view.InternalResourceViewResolver">
		<property name="prefix">
			<value>/WEB-INF/views/</value>
		</property>
		<property name="suffix">
			<value>.jsp</value>
		</property>
	</bean>

	<bean class="org.springframework.webflow.mvc.servlet.FlowHandlerMapping">
		<property name="flowRegistry" ref="flowRegistry" />
		<property name="order" value="0" />
	</bean>
	

	<webflow:flow-executor id="flowExecutor"
		flow-registry="flowRegistry">
	</webflow:flow-executor>

	<webflow:flow-registry id="flowRegistry"
		flow-builder-services="flowBuilderServices">
		<webflow:flow-location path="/WEB-INF/flows/helloworldflow.xml" />
	</webflow:flow-registry>

	<webflow:flow-builder-services id="flowBuilderServices"
		view-factory-creator="mvcViewFactoryCreator" />

	<bean id="mvcViewFactoryCreator"
		class="org.springframework.webflow.mvc.builder.MvcViewFactoryCreator">
		<property name="viewResolvers" ref="viewResolver" />
	</bean>

	<bean class="org.springframework.webflow.mvc.servlet.FlowHandlerAdapter">
		<property name="flowExecutor" ref="flowExecutor" />
	</bean>

</beans>