<beans xmlns="http://www.springframework.org/schema/beans"
	xmlns:xsi="http://www.w3.org/2001/XMLSchema-instance" xmlns:webflow="http://www.springframework.org/schema/webflow-config"
	xmlns:context="http://www.springframework.org/schema/context"
	xmlns:faces="http://www.springframework.org/schema/faces"
	xsi:schemaLocation="  
        http://www.springframework.org/schema/beans  
        http://www.springframework.org/schema/beans/spring-beans-3.0.xsd  
        http://www.springframework.org/schema/webflow-config  
        http://www.springframework.org/schema/webflow-config/spring-webflow-config-2.4.xsd">

	<!-- <context:component-scan base-package="com.javahash.spring.controller" 
		/> -->

	<!-- <bean class="org.springframework.webflow.mvc.servlet.FlowHandlerAdapter">
		<property name="flowExecutor" ref="flowExecutor" />
	</bean> -->

	<bean class="org.springframework.webflow.mvc.servlet.FlowHandlerMapping">
		<property name="flowRegistry" ref="flowRegistry" />
		<property name="order" value="0" />
	</bean>

	<webflow:flow-executor id="flowExecutor"
		flow-registry="flowRegistry">
	</webflow:flow-executor>

	<webflow:flow-registry id="flowRegistry"
		flow-builder-services="flowBuilderServices">
		<webflow:flow-location path="/WEB-INF/flows/helloworldflow.xml" />
	</webflow:flow-registry>

	<webflow:flow-builder-services id="flowBuilderServices"
		view-factory-creator="mvcViewFactoryCreator" />

	<bean id="mvcViewFactoryCreator"
		class="org.springframework.webflow.mvc.builder.MvcViewFactoryCreator">
		<property name="viewResolvers" ref="viewResolver" />
	</bean>

</beans>